frame,keys,clip,playing,pos_s,phase,speed_scale,gait,velocity,speed_mps,air,launched,landed,height,yaw,contacts,planted,foot_l,foot_r,pose_change
0,D+Shift,idle,idle,0.5000,0.4687,1.000,Idle,0.000,0.000,-1.000,true,0.083,0.000,1.571,0,11,0.000,0.000,0.000
1,D+Shift,walk,walk,0.0110,0.0138,0.660,Walk,0.332,0.200,-1.000,true,0.083,0.000,1.571,0,11,0.000,0.000,0.035
2,D+Shift,walk,walk,0.0220,0.0275,0.660,Walk,0.664,0.400,-1.000,true,0.083,0.000,1.571,0,11,0.003,0.000,0.294
3,D+Shift,walk,walk,0.0330,0.0413,0.660,Walk,0.996,0.600,-1.000,true,0.083,0.000,1.571,0,11,0.004,0.000,0.316
4,D+Shift,walk,walk,0.0456,0.0570,0.757,Walk,1.328,0.800,-1.000,true,0.083,0.000,1.571,0,11,0.002,0.000,0.351
5,D+Shift,walk,walk,0.0597,0.0747,0.847,Walk,1.660,1.000,-1.000,true,0.083,0.000,1.571,0,11,0.000,0.002,0.424
6,D+Shift,walk,walk,0.0752,0.0940,0.928,Walk,1.992,1.200,-1.000,true,0.083,0.000,1.571,0,11,0.000,0.010,0.495
7,D+Shift,walk,walk,0.0919,0.1149,1.002,Walk,2.324,1.400,-1.000,true,0.083,0.000,1.571,0,11,0.000,0.021,0.562
8,D+Shift,walk,walk,0.1097,0.1372,1.071,Walk,2.656,1.600,-1.000,true,0.083,0.000,1.571,0,10,0.000,0.037,0.628
9,D+Shift,walk,walk,0.1287,0.1609,1.136,Walk,2.988,1.800,-1.000,true,0.083,0.000,1.571,0,10,0.000,0.057,0.688
10,D+Shift,walk,walk,0.1486,0.1858,1.198,Walk,3.320,2.000,-1.000,true,0.083,0.000,1.571,0,10,0.000,0.070,0.734
11,D+Shift,walk,walk,0.1696,0.2120,1.256,Run,3.652,2.200,-1.000,true,0.083,0.000,1.571,0,10,0.000,0.060,0.759
12,D+Shift,walk,walk,0.1914,0.2393,1.312,Run,3.984,2.400,-1.000,true,0.083,0.000,1.571,0,10,0.000,0.046,0.503
13,D+Shift,dash,dash,0.2294,0.2868,1.365,Run,4.316,2.600,-1.000,true,0.083,0.000,1.571,0,10,0.000,0.029,0.542
14,D+Shift,dash,dash,0.2530,0.3163,1.417,Run,4.648,2.800,-1.000,true,0.083,0.000,1.571,0,11,0.000,0.007,0.827
15,D+Shift,dash,dash,0.2775,0.3468,1.467,Dash,4.980,3.000,-1.000,true,0.083,0.000,1.571,1,11,0.020,0.000,0.870
16,D+Shift,dash,dash,0.3019,0.3774,1.467,Dash,4.980,3.000,-1.000,true,0.083,0.000,1.571,0,01,0.050,0.000,0.928
17,D+Shift,dash,dash,0.3264,0.4079,1.467,Dash,4.980,3.000,-1.000,true,0.083,0.000,1.571,0,01,0.079,0.000,1.025
18,D+Shift,dash,dash,0.3508,0.4385,1.467,Dash,4.980,3.000,-1.000,true,0.083,0.000,1.571,0,01,0.103,0.000,1.185
19,D+Shift,dash,dash,0.3752,0.4691,1.467,Dash,4.980,3.000,-1.000,true,0.083,0.000,1.571,0,01,0.115,0.000,1.364
20,D+Shift,dash,dash,0.3997,0.4996,1.467,Dash,4.980,3.000,-1.000,true,0.083,0.000,1.571,0,01,0.086,0.000,1.243
21,D+Shift,dash,dash,0.4241,0.5302,1.467,Dash,4.980,3.000,-1.000,true,0.083,0.000,1.571,0,01,0.054,0.000,1.228
22,D+Shift,dash,dash,0.4486,0.5607,1.467,Dash,4.980,3.000,-1.000,true,0.083,0.000,1.571,0,01,0.049,0.000,1.160
23,D+Shift,dash,dash,0.4730,0.5913,1.467,Dash,4.980,3.000,-1.000,true,0.083,0.000,1.571,0,01,0.047,0.000,1.086
24,D+Shift,dash,dash,0.4975,0.6218,1.467,Dash,4.980,3.000,-1.000,true,0.083,0.000,1.571,0,01,0.050,0.000,1.015
25,D+Shift,dash,dash,0.5219,0.6524,1.467,Dash,4.980,3.000,-1.000,true,0.083,0.000,1.571,0,01,0.066,0.000,0.930
26,D+Shift,dash,dash,0.5464,0.6830,1.467,Dash,4.980,3.000,-1.000,true,0.083,0.000,1.571,0,01,0.091,0.000,0.831
27,D+Shift,dash,dash,0.5708,0.7135,1.467,Dash,4.980,3.000,-1.000,true,0.083,0.000,1.571,0,01,0.087,0.000,0.758
28,D+Shift,dash,dash,0.5953,0.7441,1.467,Dash,4.980,3.000,-1.000,true,0.083,0.000,1.571,0,01,0.065,0.000,0.708
29,D+Shift,dash,dash,0.6197,0.7746,1.467,Dash,4.980,3.000,-1.000,true,0.083,0.000,1.571,0,01,0.041,0.000,0.702
30,D+Shift,dash,dash,0.6441,0.8052,1.467,Dash,4.980,3.000,-1.000,true,0.083,0.000,1.571,0,01,0.018,0.000,0.810
31,D+Shift,dash,dash,0.6686,0.8357,1.467,Dash,4.980,3.000,-1.000,true,0.083,0.000,1.571,0,11,0.000,0.008,0.897
32,D+Shift,dash,dash,0.6930,0.8663,1.467,Dash,4.980,3.000,-1.000,true,0.083,0.000,1.571,1,10,0.000,0.035,0.977
33,D+Shift,dash,dash,0.7175,0.8968,1.467,Dash,4.980,3.000,-1.000,true,0.083,0.000,1.571,0,10,0.000,0.062,1.045
34,D+Shift,dash,dash,0.7419,0.9274,1.467,Dash,4.980,3.000,-1.000,true,0.083,0.000,1.571,0,10,0.000,0.083,1.119
35,D+Shift,dash,dash,0.7664,0.9580,1.467,Dash,4.980,3.000,-1.000,true,0.083,0.000,1.571,0,10,0.000,0.094,1.164
36,D+Shift,dash,dash,0.7908,0.9885,1.467,Dash,4.980,3.000,-1.000,true,0.083,0.000,1.571,0,10,0.000,0.084,1.247
37,D+Shift,dash,dash,0.0153,0.0191,1.467,Dash,4.980,3.000,-1.000,true,0.083,0.000,1.571,0,10,0.000,0.049,1.259
38,D+Shift,dash,dash,0.0397,0.0496,1.467,Dash,4.980,3.000,-1.000,true,0.083,0.000,1.571,0,10,0.000,0.036,1.207
39,D+Shift,dash,dash,0.0642,0.0802,1.467,Dash,4.980,3.000,-1.000,true,0.083,0.000,1.571,0,10,0.000,0.033,1.134
40,D+Shift,dash,dash,0.0886,0.1107,1.467,Dash,4.980,3.000,-1.000,true,0.083,0.000,1.571,0,10,0.000,0.035,1.051
41,D+Shift,dash,dash,0.1130,0.1413,1.467,Dash,4.980,3.000,-1.000,true,0.083,0.000,1.571,0,10,0.000,0.046,0.971
42,D+Shift,dash,dash,0.1375,0.1719,1.467,Dash,4.980,3.000,-1.000,true,0.083,0.000,1.571,0,10,0.000,0.068,0.868
43,D+Shift,dash,dash,0.1619,0.2024,1.467,Dash,4.980,3.000,-1.000,true,0.083,0.000,1.571,0,10,0.000,0.080,0.767
44,D+Shift,dash,dash,0.1864,0.2330,1.467,Dash,4.980,3.000,-1.000,true,0.083,0.000,1.571,0,10,0.000,0.062,0.725
45,D+Shift,dash,dash,0.2108,0.2635,1.467,Dash,4.980,3.000,-1.000,true,0.083,0.000,1.571,0,10,0.000,0.043,0.660
46,D+Shift,dash,dash,0.2353,0.2941,1.467,Dash,4.980,3.000,-1.000,true,0.083,0.000,1.571,0,10,0.000,0.017,0.774
47,D+Shift,dash,dash,0.2597,0.3246,1.467,Dash,4.980,3.000,-1.000,true,0.083,0.000,1.571,1,11,0.016,0.000,0.868
48,D+Shift,dash,dash,0.2842,0.3552,1.467,Dash,4.980,3.000,-1.000,true,0.083,0.000,1.571,0,01,0.050,0.000,0.953
49,D+Shift,dash,dash,0.3086,0.3858,1.467,Dash,4.980,3.000,-1.000,true,0.083,0.000,1.571,0,01,0.085,0.000,1.030
50,W+Shift,dash,dash,0.3325,0.4156,1.433,Run,4.751,2.862,-1.000,true,0.083,0.000,1.620,0,01,0.110,0.000,1.080
51,W+Shift,dash,dash,0.3558,0.4448,1.400,Run,4.535,2.732,-1.000,true,0.083,0.000,1.675,0,01,0.121,0.000,1.093
52,W+Shift,dash,dash,0.3786,0.4733,1.368,Run,4.333,2.610,-1.000,true,0.083,0.000,1.734,0,01,0.113,0.000,1.128
53,W+Shift,walk,walk,0.3857,0.4822,1.339,Run,4.148,2.499,-1.000,true,0.083,0.000,1.799,0,01,0.083,0.000,1.135
54,W+Shift,walk,walk,0.4076,0.5095,1.312,Run,3.983,2.399,-1.000,true,0.083,0.000,1.870,0,01,0.040,0.000,1.356
55,W+Shift,walk,walk,0.4290,0.5363,1.288,Run,3.839,2.313,-1.000,true,0.083,0.000,1.946,0,01,0.028,0.000,1.156
56,W+Shift,walk,walk,0.4502,0.5627,1.268,Run,3.719,2.241,-1.000,true,0.083,0.000,2.028,0,01,0.027,0.000,0.980
57,W+Shift,walk,walk,0.4710,0.5888,1.252,Run,3.626,2.184,-1.000,true,0.083,0.000,2.115,0,01,0.035,0.000,0.847
58,W+Shift,walk,walk,0.4917,0.6146,1.240,Run,3.561,2.146,-1.000,true,0.083,0.000,2.206,0,01,0.053,0.000,0.735
59,W+Shift,walk,walk,0.5123,0.6403,1.234,Run,3.527,2.125,-1.000,true,0.083,0.000,2.299,0,01,0.074,0.000,0.677
60,W+Shift,walk,walk,0.5328,0.6661,1.234,Walk,3.524,2.123,-1.000,true,0.083,0.000,2.393,0,01,0.083,0.000,0.622
61,W+Shift,walk,walk,0.5535,0.6919,1.239,Run,3.551,2.140,-1.000,true,0.083,0.000,2.487,0,01,0.077,0.000,0.436
62,W+Shift,walk,walk,0.5743,0.7179,1.249,Run,3.610,2.175,-1.000,true,0.083,0.000,2.578,0,01,0.067,0.000,0.450
63,W+Shift,walk,walk,0.5954,0.7442,1.264,Run,3.697,2.227,-1.000,true,0.083,0.000,2.666,0,01,0.054,0.000,0.485
64,W+Shift,walk,walk,0.6167,0.7709,1.283,Run,3.811,2.296,-1.000,true,0.083,0.000,2.749,0,01,0.039,0.000,0.512
65,W+Shift,walk,walk,0.6385,0.7982,1.306,Run,3.950,2.380,-1.000,true,0.083,0.000,2.827,0,01,0.021,0.000,0.544
66,W+Shift,walk,walk,0.6607,0.8259,1.333,Run,4.112,2.477,-1.000,true,0.083,0.000,2.899,1,11,0.004,0.000,0.567
67,W+Shift,dash,dash,0.6986,0.8733,1.362,Run,4.292,2.586,-1.000,true,0.083,0.000,2.965,0,11,0.000,0.010,0.600
68,W+Shift,dash,dash,0.7218,0.9023,1.393,Run,4.490,2.705,-1.000,true,0.083,0.000,3.026,0,11,0.000,0.026,0.663
69,W+Shift,dash,dash,0.7456,0.9320,1.425,Run,4.704,2.834,-1.000,true,0.083,0.000,3.081,0,10,0.000,0.039,0.772
70,W+Shift,dash,dash,0.7699,0.9624,1.459,Dash,4.930,2.970,-1.000,true,0.083,0.000,3.131,0,10,0.000,0.044,0.969
71,W+Shift,dash,dash,0.7944,0.9930,1.467,Dash,4.980,3.000,-1.000,true,0.083,0.000,3.142,0,10,0.000,0.042,1.216
72,W+Shift,dash,dash,0.0188,0.0235,1.467,Dash,4.980,3.000,-1.000,true,0.083,0.000,3.142,0,10,0.000,0.026,1.401
73,W+Shift,dash,dash,0.0433,0.0541,1.467,Dash,4.980,3.000,-1.000,true,0.083,0.000,3.142,0,10,0.000,0.035,1.407
74,W+Shift,dash,dash,0.0677,0.0846,1.467,Dash,4.980,3.000,-1.000,true,0.083,0.000,3.142,0,10,0.000,0.034,1.122
75,W+Shift,dash,dash,0.0921,0.1152,1.467,Dash,4.980,3.000,-1.000,true,0.083,0.000,3.142,0,10,0.000,0.037,1.040
76,W+Shift,dash,dash,0.1166,0.1457,1.467,Dash,4.980,3.000,-1.000,true,0.083,0.000,3.142,0,10,0.000,0.050,0.957
77,W+Shift,dash,dash,0.1410,0.1763,1.467,Dash,4.980,3.000,-1.000,true,0.083,0.000,3.142,0,10,0.000,0.073,0.853
78,W+Shift,dash,dash,0.1655,0.2069,1.467,Dash,4.980,3.000,-1.000,true,0.083,0.000,3.142,0,10,0.000,0.079,0.759
79,W+Shift,dash,dash,0.1899,0.2374,1.467,Dash,4.980,3.000,-1.000,true,0.083,0.000,3.142,0,10,0.000,0.061,0.716
80,W+Shift,dash,dash,0.2144,0.2680,1.467,Dash,4.980,3.000,-1.000,true,0.083,0.000,3.142,0,10,0.000,0.041,0.674
81,W+Shift,dash,dash,0.2388,0.2985,1.467,Dash,4.980,3.000,-1.000,true,0.083,0.000,3.142,0,10,0.000,0.013,0.789
82,W+Shift,dash,dash,0.2633,0.3291,1.467,Dash,4.980,3.000,-1.000,true,0.083,0.000,3.142,1,11,0.020,0.000,0.880
83,W+Shift,dash,dash,0.2877,0.3596,1.467,Dash,4.980,3.000,-1.000,true,0.083,0.000,3.142,0,01,0.055,0.000,0.964
84,W+Shift,dash,dash,0.3122,0.3902,1.467,Dash,4.980,3.000,-1.000,true,0.083,0.000,3.142,0,01,0.089,0.000,1.038
85,W+Shift,dash,dash,0.3366,0.4208,1.467,Dash,4.980,3.000,-1.000,true,0.083,0.000,3.142,0,01,0.114,0.000,1.115
86,W+Shift,dash,dash,0.3610,0.4513,1.467,Dash,4.980,3.000,-1.000,true,0.083,0.000,3.142,0,01,0.123,0.000,1.144
87,W+Shift,dash,dash,0.3855,0.4819,1.467,Dash,4.980,3.000,-1.000,true,0.083,0.000,3.142,0,01,0.108,0.000,1.225
88,W+Shift,dash,dash,0.4099,0.5124,1.467,Dash,4.980,3.000,-1.000,true,0.083,0.000,3.142,0,01,0.068,0.000,1.238
89,W+Shift,dash,dash,0.4344,0.5430,1.467,Dash,4.980,3.000,-1.000,true,0.083,0.000,3.142,0,01,0.053,0.000,1.202
90,W+Shift,dash,dash,0.4588,0.5735,1.467,Dash,4.980,3.000,-1.000,true,0.083,0.000,3.142,0,01,0.048,0.000,1.127
91,W+Shift,dash,dash,0.4833,0.6041,1.467,Dash,4.980,3.000,-1.000,true,0.083,0.000,3.142,0,01,0.046,0.000,1.059
92,W+Shift,dash,dash,0.5077,0.6347,1.467,Dash,4.980,3.000,-1.000,true,0.083,0.000,3.142,0,01,0.054,0.000,0.977
93,W+Shift,dash,dash,0.5322,0.6652,1.467,Dash,4.980,3.000,-1.000,true,0.083,0.000,3.142,0,01,0.075,0.000,0.889
94,W+Shift,dash,dash,0.5566,0.6958,1.467,Dash,4.980,3.000,-1.000,true,0.083,0.000,3.142,0,01,0.097,0.000,0.794
95,W+Shift,dash,dash,0.5811,0.7263,1.467,Dash,4.980,3.000,-1.000,true,0.083,0.000,3.142,0,01,0.078,0.000,0.740
96,W+Shift,dash,dash,0.6055,0.7569,1.467,Dash,4.980,3.000,-1.000,true,0.083,0.000,3.142,0,01,0.053,0.000,0.682
97,W+Shift,dash,dash,0.6299,0.7874,1.467,Dash,4.980,3.000,-1.000,true,0.083,0.000,3.142,0,01,0.031,0.000,0.750
98,W+Shift,dash,dash,0.6544,0.8180,1.467,Dash,4.980,3.000,-1.000,true,0.083,0.000,3.142,0,11,0.006,0.000,0.849
99,W+Shift,dash,dash,0.6788,0.8485,1.467,Dash,4.980,3.000,-1.000,true,0.083,0.000,3.142,1,11,0.000,0.019,0.930
100,D+Shift,dash,dash,0.7027,0.8784,1.433,Run,4.751,2.862,-1.000,true,0.083,0.000,3.092,0,10,0.000,0.044,0.985
101,D+Shift,dash,dash,0.7260,0.9076,1.400,Run,4.535,2.732,-1.000,true,0.083,0.000,3.038,0,10,0.000,0.067,1.029
102,D+Shift,dash,dash,0.7488,0.9361,1.368,Run,4.333,2.610,-1.000,true,0.083,0.000,2.978,0,10,0.000,0.085,1.050
103,D+Shift,walk,walk,0.7560,0.9449,1.339,Run,4.148,2.499,-1.000,true,0.083,0.000,2.913,0,10,0.000,0.091,1.087
104,D+Shift,walk,walk,0.7778,0.9723,1.312,Run,3.983,2.399,-1.000,true,0.083,0.000,2.842,0,10,0.000,0.062,1.380
105,D+Shift,walk,walk,0.7993,0.9991,1.288,Run,3.839,2.313,-1.000,true,0.083,0.000,2.766,0,10,0.000,0.019,1.332
106,D+Shift,walk,walk,0.0204,0.0255,1.268,Run,3.719,2.241,-1.000,true,0.083,0.000,2.684,0,11,0.000,0.008,1.171
107,D+Shift,walk,walk,0.0413,0.0516,1.252,Run,3.626,2.184,-1.000,true,0.083,0.000,2.597,0,11,0.000,0.006,1.022
108,D+Shift,walk,walk,0.0619,0.0774,1.240,Run,3.561,2.146,-1.000,true,0.083,0.000,2.507,0,11,0.000,0.011,0.904
109,D+Shift,walk,walk,0.0825,0.1031,1.234,Run,3.527,2.125,-1.000,true,0.083,0.000,2.413,0,11,0.000,0.021,0.810
110,D+Shift,walk,walk,0.1031,0.1288,1.234,Walk,3.524,2.123,-1.000,true,0.083,0.000,2.319,0,10,0.000,0.037,0.696
111,D+Shift,walk,walk,0.1237,0.1547,1.239,Run,3.552,2.140,-1.000,true,0.083,0.000,2.226,0,10,0.000,0.056,0.483
112,D+Shift,walk,walk,0.1445,0.1807,1.249,Run,3.610,2.175,-1.000,true,0.083,0.000,2.134,0,10,0.000,0.071,0.464
113,D+Shift,walk,walk,0.1656,0.2070,1.264,Run,3.697,2.227,-1.000,true,0.083,0.000,2.047,0,10,0.000,0.061,0.453
114,D+Shift,walk,walk,0.1870,0.2337,1.283,Run,3.811,2.296,-1.000,true,0.083,0.000,1.963,0,10,0.000,0.048,0.488
115,D+Shift,walk,walk,0.2088,0.2609,1.306,Run,3.950,2.380,-1.000,true,0.083,0.000,1.886,0,10,0.000,0.032,0.517
116,D+Shift,walk,walk,0.2310,0.2887,1.333,Run,4.111,2.477,-1.000,true,0.083,0.000,1.814,0,10,0.000,0.015,0.548
117,D+Shift,dash,dash,0.2689,0.3361,1.362,Run,4.292,2.586,-1.000,true,0.083,0.000,1.747,1,11,0.002,0.000,0.568
118,D+Shift,dash,dash,0.2921,0.3651,1.393,Run,4.490,2.705,-1.000,true,0.083,0.000,1.687,0,11,0.025,0.000,0.805
119,D+Shift,dash,dash,0.3158,0.3948,1.425,Run,4.704,2.834,-1.000,true,0.083,0.000,1.631,0,01,0.049,0.000,0.875
120,D+Shift,dash,dash,0.3402,0.4252,1.459,Dash,4.930,2.970,-1.000,true,0.083,0.000,1.581,0,01,0.069,0.000,0.986
121,D+Shift,dash,dash,0.3646,0.4558,1.467,Dash,4.980,3.000,-1.000,true,0.083,0.000,1.571,0,01,0.082,0.000,1.149
122,D+Shift,dash,dash,0.3890,0.4863,1.467,Dash,4.980,3.000,-1.000,true,0.083,0.000,1.571,0,01,0.080,0.000,1.347
123,D+Shift,dash,dash,0.4135,0.5169,1.467,Dash,4.980,3.000,-1.000,true,0.083,0.000,1.571,0,01,0.060,0.000,1.487
124,D+Shift,dash,dash,0.4379,0.5474,1.467,Dash,4.980,3.000,-1.000,true,0.083,0.000,1.571,0,01,0.051,0.000,1.196
125,D+Shift,dash,dash,0.4624,0.5780,1.467,Dash,4.980,3.000,-1.000,true,0.083,0.000,1.571,0,01,0.048,0.000,1.114
126,D+Shift,dash,dash,0.4868,0.6085,1.467,Dash,4.980,3.000,-1.000,true,0.083,0.000,1.571,0,01,0.047,0.000,1.048
127,D+Shift,dash,dash,0.5113,0.6391,1.467,Dash,4.980,3.000,-1.000,true,0.083,0.000,1.571,0,01,0.058,0.000,0.969
128,D+Shift,dash,dash,0.5357,0.6697,1.467,Dash,4.980,3.000,-1.000,true,0.083,0.000,1.571,0,01,0.079,0.000,0.870
129,D+Shift,dash,dash,0.5602,0.7002,1.467,Dash,4.980,3.000,-1.000,true,0.083,0.000,1.571,0,01,0.095,0.000,0.783
130,D+Shift,dash,dash,0.5846,0.7308,1.467,Dash,4.980,3.000,-1.000,true,0.083,0.000,1.571,0,01,0.075,0.000,0.734
131,D+Shift,dash,dash,0.6091,0.7613,1.467,Dash,4.980,3.000,-1.000,true,0.083,0.000,1.571,0,01,0.050,0.000,0.673
132,D+Shift,dash,dash,0.6335,0.7919,1.467,Dash,4.980,3.000,-1.000,true,0.083,0.000,1.571,0,01,0.028,0.000,0.765
133,D+Shift,dash,dash,0.6579,0.8224,1.467,Dash,4.980,3.000,-1.000,true,0.083,0.000,1.571,0,11,0.003,0.000,0.862
134,D+Shift,dash,dash,0.6824,0.8530,1.467,Dash,4.980,3.000,-1.000,true,0.083,0.000,1.571,1,11,0.000,0.023,0.940
135,D+Shift,dash,dash,0.7068,0.8835,1.467,Dash,4.980,3.000,-1.000,true,0.083,0.000,1.571,0,10,0.000,0.050,1.017
136,D+Shift,dash,dash,0.7313,0.9141,1.467,Dash,4.980,3.000,-1.000,true,0.083,0.000,1.571,0,10,0.000,0.074,1.091
137,D+Shift,dash,dash,0.7557,0.9447,1.467,Dash,4.980,3.000,-1.000,true,0.083,0.000,1.571,0,10,0.000,0.091,1.137
138,D+Shift,dash,dash,0.7802,0.9752,1.467,Dash,4.980,3.000,-1.000,true,0.083,0.000,1.571,0,10,0.000,0.092,1.218
139,D+Shift,dash,dash,0.0046,0.0058,1.467,Dash,4.980,3.000,-1.000,true,0.083,0.000,1.571,0,10,0.000,0.066,1.268
140,D+Shift,dash,dash,0.0291,0.0363,1.467,Dash,4.980,3.000,-1.000,true,0.083,0.000,1.571,0,10,0.000,0.038,1.244
141,D+Shift,dash,dash,0.0535,0.0669,1.467,Dash,4.980,3.000,-1.000,true,0.083,0.000,1.571,0,10,0.000,0.034,1.164
142,D+Shift,dash,dash,0.0780,0.0974,1.467,Dash,4.980,3.000,-1.000,true,0.083,0.000,1.571,0,10,0.000,0.033,1.090
143,D+Shift,dash,dash,0.1024,0.1280,1.467,Dash,4.980,3.000,-1.000,true,0.083,0.000,1.571,0,10,0.000,0.039,1.006
144,D+Shift,dash,dash,0.1268,0.1586,1.467,Dash,4.980,3.000,-1.000,true,0.083,0.000,1.571,0,10,0.000,0.058,0.912
145,D+Shift,dash,dash,0.1513,0.1891,1.467,Dash,4.980,3.000,-1.000,true,0.083,0.000,1.571,0,10,0.000,0.083,0.811
146,D+Shift,dash,dash,0.1757,0.2197,1.467,Dash,4.980,3.000,-1.000,true,0.083,0.000,1.571,0,10,0.000,0.071,0.738
147,D+Shift,dash,dash,0.2002,0.2502,1.467,Dash,4.980,3.000,-1.000,true,0.083,0.000,1.571,0,10,0.000,0.051,0.690
148,D+Shift,dash,dash,0.2246,0.2808,1.467,Dash,4.980,3.000,-1.000,true,0.083,0.000,1.571,0,10,0.000,0.030,0.725
149,D+Shift,dash,dash,0.2491,0.3113,1.467,Dash,4.980,3.000,-1.000,true,0.083,0.000,1.571,0,11,0.001,0.000,0.831
150,D,dash,dash,0.2727,0.3409,1.418,Run,4.654,2.800,-1.000,true,0.083,0.000,1.571,1,01,0.033,0.000,0.886
151,D,dash,dash,0.2955,0.3694,1.367,Run,4.327,2.600,-1.000,true,0.083,0.000,1.571,0,01,0.064,0.000,0.931
152,D,walk,walk,0.3022,0.3778,1.315,Run,4.001,2.400,-1.000,true,0.083,0.000,1.571,0,01,0.090,0.000,0.951
153,D,walk,walk,0.3232,0.4040,1.260,Run,3.675,2.200,-1.000,true,0.083,0.000,1.571,0,01,0.096,0.000,1.405
154,D,walk,walk,0.3432,0.4291,1.203,Walk,3.349,2.000,-1.000,true,0.083,0.000,1.571,0,01,0.086,0.000,1.232
155,D,walk,walk,0.3623,0.4529,1.143,Walk,3.022,1.800,-1.000,true,0.083,0.000,1.571,0,01,0.060,0.000,1.055
156,D,walk,walk,0.3803,0.4753,1.079,Walk,2.696,1.600,-1.000,true,0.083,0.000,1.571,0,01,0.027,0.000,0.978
157,D,walk,walk,0.3971,0.4964,1.012,Walk,2.370,1.400,-1.000,true,0.083,0.000,1.571,0,11,0.002,0.000,0.881
158,D,walk,walk,0.4128,0.5160,0.940,Walk,2.044,1.200,-1.000,true,0.083,0.000,1.571,0,11,0.000,0.001,0.748
159,D,walk,walk,0.4283,0.5353,0.928,Walk,1.992,1.200,-1.000,true,0.083,0.000,1.571,0,11,0.001,0.000,0.660
160,D,walk,walk,0.4437,0.5547,0.928,Walk,1.992,1.200,-1.000,true,0.083,0.000,1.571,0,11,0.007,0.000,0.590
161,D,walk,walk,0.4592,0.5740,0.928,Walk,1.992,1.200,-1.000,true,0.083,0.000,1.571,0,11,0.020,0.000,0.421
162,D,walk,walk,0.4746,0.5933,0.928,Walk,1.992,1.200,-1.000,true,0.083,0.000,1.571,0,01,0.035,0.000,0.392
163,D,walk,walk,0.4901,0.6126,0.928,Walk,1.992,1.200,-1.000,true,0.083,0.000,1.571,0,01,0.051,0.000,0.372
164,D,walk,walk,0.5056,0.6320,0.928,Walk,1.992,1.200,-1.000,true,0.083,0.000,1.571,0,01,0.068,0.000,0.354
165,D,walk,walk,0.5210,0.6513,0.928,Walk,1.992,1.200,-1.000,true,0.083,0.000,1.571,0,01,0.084,0.000,0.346
166,D,walk,walk,0.5365,0.6706,0.928,Walk,1.992,1.200,-1.000,true,0.083,0.000,1.571,0,01,0.084,0.000,0.338
167,D,walk,walk,0.5519,0.6899,0.928,Walk,1.992,1.200,-1.000,true,0.083,0.000,1.571,0,01,0.079,0.000,0.325
168,D,walk,walk,0.5674,0.7093,0.928,Walk,1.992,1.200,-1.000,true,0.083,0.000,1.571,0,01,0.072,0.000,0.329
169,D,walk,walk,0.5829,0.7286,0.928,Walk,1.992,1.200,-1.000,true,0.083,0.000,1.571,0,01,0.064,0.000,0.347
170,D,walk,walk,0.5983,0.7479,0.928,Walk,1.992,1.200,-1.000,true,0.083,0.000,1.571,0,01,0.055,0.000,0.358
171,D,walk,walk,0.6138,0.7672,0.928,Walk,1.992,1.200,-1.000,true,0.083,0.000,1.571,0,01,0.044,0.000,0.371
172,D,walk,walk,0.6293,0.7866,0.928,Walk,1.992,1.200,-1.000,true,0.083,0.000,1.571,0,01,0.032,0.000,0.384
173,D,walk,walk,0.6447,0.8059,0.928,Walk,1.992,1.200,-1.000,true,0.083,0.000,1.571,0,01,0.019,0.000,0.390
174,D,walk,walk,0.6602,0.8252,0.928,Walk,1.992,1.200,-1.000,true,0.083,0.000,1.571,1,11,0.007,0.000,0.398
175,D,walk,walk,0.6756,0.8445,0.928,Walk,1.992,1.200,-1.000,true,0.083,0.000,1.571,0,11,0.000,0.003,0.407
176,D,walk,walk,0.6911,0.8639,0.928,Walk,1.992,1.200,-1.000,true,0.083,0.000,1.571,0,11,0.000,0.011,0.415
177,D,walk,walk,0.7066,0.8832,0.928,Walk,1.992,1.200,-1.000,true,0.083,0.000,1.571,0,11,0.000,0.014,0.417
178,D,walk,walk,0.7220,0.9025,0.928,Walk,1.992,1.200,-1.000,true,0.083,0.000,1.571,0,11,0.000,0.013,0.411
179,D,walk,walk,0.7375,0.9218,0.928,Walk,1.992,1.200,-1.000,true,0.083,0.000,1.571,0,11,0.000,0.008,0.396
180,D,walk,walk,0.7529,0.9412,0.928,Walk,1.992,1.200,-1.000,true,0.083,0.000,1.571,0,11,0.004,0.000,0.381
181,D,walk,walk,0.7684,0.9605,0.928,Walk,1.992,1.200,-1.000,true,0.083,0.000,1.571,0,11,0.017,0.000,0.393
182,D,walk,walk,0.7839,0.9798,0.928,Walk,1.992,1.200,-1.000,true,0.083,0.000,1.571,0,11,0.027,0.000,0.421
183,D,walk,walk,0.7993,0.9991,0.928,Walk,1.992,1.200,-1.000,true,0.083,0.000,1.571,0,11,0.025,0.000,0.440
184,D,walk,walk,0.0148,0.0185,0.928,Walk,1.992,1.200,-1.000,true,0.083,0.000,1.571,0,11,0.018,0.000,0.454
185,D,walk,walk,0.0302,0.0378,0.928,Walk,1.992,1.200,-1.000,true,0.083,0.000,1.571,0,11,0.011,0.000,0.446
186,D,walk,walk,0.0457,0.0571,0.928,Walk,1.992,1.200,-1.000,true,0.083,0.000,1.571,0,11,0.004,0.000,0.439
187,D,walk,walk,0.0612,0.0764,0.928,Walk,1.992,1.200,-1.000,true,0.083,0.000,1.571,0,11,0.000,0.004,0.428
188,D,walk,walk,0.0766,0.0958,0.928,Walk,1.992,1.200,-1.000,true,0.083,0.000,1.571,0,11,0.000,0.015,0.408
189,D,walk,walk,0.0921,0.1151,0.928,Walk,1.992,1.200,-1.000,true,0.083,0.000,1.571,0,11,0.000,0.028,0.389
190,,walk,walk,0.1062,0.1328,0.848,Walk,1.666,0.933,-1.000,true,0.083,0.000,1.571,0,10,0.000,0.043,0.340
191,,walk,walk,0.1189,0.1486,0.761,Walk,1.339,0.667,-1.000,true,0.083,0.000,1.571,0,10,0.000,0.054,0.294
192,,walk,walk,0.1299,0.1624,0.662,Walk,1.013,0.400,-1.000,true,0.083,0.000,1.571,0,10,0.000,0.065,0.259
193,,walk,walk,0.1409,0.1762,0.660,Walk,0.687,0.133,-1.000,true,0.083,0.000,1.571,0,10,0.000,0.073,0.242
194,,walk,walk,0.1519,0.1899,0.660,Walk,0.361,0.000,-1.000,true,0.083,0.000,1.571,0,10,0.000,0.070,0.241
195,,walk,walk,0.1629,0.2037,0.660,Walk,0.034,0.000,-1.000,true,0.083,0.000,1.571,0,10,0.000,0.064,0.235
196,,idle,idle,0.0167,0.0156,1.000,Idle,0.000,0.000,-1.000,true,0.083,0.000,1.571,0,11,0.000,0.055,0.375
197,,idle,idle,0.0333,0.0312,1.000,Idle,0.000,0.000,-1.000,true,0.083,0.000,1.571,0,11,0.000,0.053,0.734
198,,idle,idle,0.0500,0.0469,1.000,Idle,0.000,0.000,-1.000,true,0.083,0.000,1.571,0,11,0.000,0.052,0.687
199,,idle,idle,0.0667,0.0625,1.000,Idle,0.000,0.000,-1.000,true,0.083,0.000,1.571,0,11,0.000,0.050,0.633
200,,idle,idle,0.0833,0.0781,1.000,Idle,0.000,0.000,-1.000,true,0.083,0.000,1.571,0,11,0.000,0.048,0.579
201,,idle,idle,0.1000,0.0937,1.000,Idle,0.000,0.000,-1.000,true,0.083,0.000,1.571,0,11,0.000,0.044,0.528
202,,idle,idle,0.1167,0.1094,1.000,Idle,0.000,0.000,-1.000,true,0.083,0.000,1.571,0,11,0.000,0.038,0.497
203,,idle,idle,0.1333,0.1250,1.000,Idle,0.000,0.000,-1.000,true,0.083,0.000,1.571,0,11,0.000,0.028,0.496
204,,idle,idle,0.1500,0.1406,1.000,Idle,0.000,0.000,-1.000,true,0.083,0.000,1.571,0,11,0.000,0.017,0.492
205,,idle,idle,0.1667,0.1562,1.000,Idle,0.000,0.000,-1.000,true,0.083,0.000,1.571,0,11,0.000,0.001,0.475
206,,idle,idle,0.1833,0.1719,1.000,Idle,0.000,0.000,-1.000,true,0.083,0.000,1.571,0,11,0.000,0.000,0.027
207,,idle,idle,0.2000,0.1875,1.000,Idle,0.000,0.000,-1.000,true,0.083,0.000,1.571,0,11,0.000,0.000,0.023
208,,idle,idle,0.2167,0.2031,1.000,Idle,0.000,0.000,-1.000,true,0.083,0.000,1.571,0,11,0.000,0.000,0.019
209,,idle,idle,0.2333,0.2187,1.000,Idle,0.000,0.000,-1.000,true,0.083,0.000,1.571,0,11,0.000,0.000,0.022
210,,idle,idle,0.2500,0.2344,1.000,Idle,0.000,0.000,-1.000,true,0.083,0.000,1.571,0,11,0.000,0.000,0.022
211,,idle,idle,0.2667,0.2500,1.000,Idle,0.000,0.000,-1.000,true,0.083,0.000,1.571,0,11,0.000,0.000,0.026
212,,idle,idle,0.2833,0.2656,1.000,Idle,0.000,0.000,-1.000,true,0.083,0.000,1.571,0,11,0.000,0.000,0.028
213,,idle,idle,0.3000,0.2812,1.000,Idle,0.000,0.000,-1.000,true,0.083,0.000,1.571,0,11,0.000,0.000,0.035
214,,idle,idle,0.3167,0.2969,1.000,Idle,0.000,0.000,-1.000,true,0.083,0.000,1.571,0,11,0.000,0.000,0.039
215,,idle,idle,0.3333,0.3125,1.000,Idle,0.000,0.000,-1.000,true,0.083,0.000,1.571,0,11,0.000,0.000,0.039
216,,idle,idle,0.3500,0.3281,1.000,Idle,0.000,0.000,-1.000,true,0.083,0.000,1.571,0,11,0.000,0.000,0.048
217,,idle,idle,0.3667,0.3437,1.000,Idle,0.000,0.000,-1.000,true,0.083,0.000,1.571,0,11,0.000,0.000,0.046
218,,idle,idle,0.3833,0.3594,1.000,Idle,0.000,0.000,-1.000,true,0.083,0.000,1.571,0,11,0.000,0.000,0.110
219,,idle,idle,0.4000,0.3750,1.000,Idle,0.000,0.000,-1.000,true,0.083,0.000,1.571,0,11,0.000,0.000,0.155
220,,idle,idle,0.4167,0.3906,1.000,Idle,0.000,0.000,-1.000,true,0.083,0.000,1.571,0,11,0.000,0.000,0.138
221,,idle,idle,0.4333,0.4062,1.000,Idle,0.000,0.000,-1.000,true,0.083,0.000,1.571,0,11,0.000,0.000,0.113
222,,idle,idle,0.4500,0.4219,1.000,Idle,0.000,0.000,-1.000,true,0.083,0.000,1.571,0,11,0.000,0.000,0.110
223,,idle,idle,0.4667,0.4375,1.000,Idle,0.000,0.000,-1.000,true,0.083,0.000,1.571,0,11,0.000,0.000,0.104
224,,idle,idle,0.4833,0.4531,1.000,Idle,0.000,0.000,-1.000,true,0.083,0.000,1.571,0,11,0.000,0.000,0.084
225,,idle,idle,0.5000,0.4687,1.000,Idle,0.000,0.000,-1.000,true,0.083,0.000,1.571,0,11,0.000,0.000,0.085
226,,idle,idle,0.5167,0.4844,1.000,Idle,0.000,0.000,-1.000,true,0.083,0.000,1.571,0,11,0.000,0.000,0.047
227,,idle,idle,0.5333,0.5000,1.000,Idle,0.000,0.000,-1.000,true,0.083,0.000,1.571,0,11,0.000,0.000,0.043
228,,idle,idle,0.5500,0.5156,1.000,Idle,0.000,0.000,-1.000,true,0.083,0.000,1.571,0,11,0.000,0.000,0.045
229,,idle,idle,0.5667,0.5312,1.000,Idle,0.000,0.000,-1.000,true,0.083,0.000,1.571,0,11,0.000,0.000,0.042
